Fecha,Cliente,Sector,Producto,Monto_Venta,Cantidad_Productos,Casos_Soporte,Tiempo_Resolucion_Horas,Satisfaccion_Cliente,Uso_Software_Horas
4/13/2023,Cliente_3,Banca,Software_4,9829,3,4,52,4,47
12/15/2023,Cliente_161,Educacion,Software_9,3193,6,3,43,4,78
9/28/2023,Cliente_134,Banca,Software_4,982,5,0,22,5,92
4/17/2023,Cliente_178,Tecnologia,Software_2,4508,17,4,55,3,53
3/13/2023,Cliente_10,Retail,Software_5,4168,2,0,67,3,80
7/8/2023,Cliente_5,Tecnologia,Software_3,3377,15,1,60,3,19
1/21/2023,Cliente_151,Educacion,Software_9,8666,5,3,58,3,81
4/13/2023,Cliente_138,Tecnologia,Software_4,8051,6,0,12,5,90
5/2/2023,Cliente_172,Educacion,Software_6,4790,6,4,69,4,6
8/3/2023,Cliente_130,Educacion,Software_2,4695,18,1,39,5,49
11/27/2023,Cliente_13,Educacion,Software_6,4659,18,1,13,2,73
3/29/2023,Cliente_168,Educacion,Software_3,7391,4,4,41,5,50
4/10/2023,Cliente_130,Educacion,Software_9,8260,17,4,57,1,81
12/26/2023,Cliente_84,Retail,Software_2,212,14,0,53,5,95
6/1/2023,Cliente_65,Banca,Software_9,5231,14,2,12,3,12
5/11/2023,Cliente_63,Salud,Software_5,3297,13,1,13,3,23
5/30/2023,Cliente_101,Banca,Software_8,239,7,0,57,3,54
11/5/2023,Cliente_73,Educacion,Software_2,1524,12,4,40,5,69
9/15/2023,Cliente_17,Retail,Software_6,3049,15,0,45,1,59
12/10/2023,Cliente_9,Tecnologia,Software_3,3268,19,4,35,3,36
10/21/2023,Cliente_143,Retail,Software_5,8808,11,3,3,5,3
7/11/2023,Cliente_152,Educacion,Software_8,6143,15,4,5,3,58
10/4/2023,Cliente_38,Retail,Software_1,7089,12,4,11,2,88
6/10/2023,Cliente_163,Retail,Software_5,7336,3,4,71,3,55
11/10/2023,Cliente_94,Educacion,Software_3,6361,17,2,56,3,57
1/22/2023,Cliente_95,Retail,Software_4,987,3,4,10,5,17
9/10/2023,Cliente_49,Salud,Software_2,3204,19,1,34,4,39
8/24/2023,Cliente_69,Salud,Software_9,149,4,1,67,3,90
12/11/2023,Cliente_62,Retail,Software_3,4051,3,0,31,5,68
2/18/2023,Cliente_188,Tecnologia,Software_2,3660,16,2,71,3,55
2/28/2023,Cliente_178,Educacion,Software_9,118,12,0,66,1,45
6/19/2023,Cliente_78,Salud,Software_7,4921,8,1,70,3,76
7/7/2023,Cliente_117,Tecnologia,Software_6,6440,17,1,41,3,1
9/28/2023,Cliente_120,Retail,Software_1,8158,7,3,63,2,21
7/9/2023,Cliente_137,Tecnologia,Software_5,9765,11,4,32,5,83
6/24/2023,Cliente_162,Banca,Software_3,2706,18,1,20,4,21
2/20/2023,Cliente_76,Salud,Software_1,7946,1,0,57,3,52
12/30/2023,Cliente_35,Retail,Software_4,8743,3,0,50,4,82
2/24/2023,Cliente_1,Educacion,Software_2,6532,4,4,25,4,43
9/1/2023,Cliente_40,Retail,Software_2,3865,13,4,12,5,52
11/16/2023,Cliente_64,Educacion,Software_3,2538,6,3,71,5,67
5/11/2023,Cliente_150,Retail,Software_8,9841,14,2,39,3,44
11/3/2023,Cliente_60,Tecnologia,Software_8,6458,5,0,17,4,32
5/15/2023,Cliente_64,Tecnologia,Software_7,8419,16,4,45,4,10
1/21/2023,Cliente_93,Tecnologia,Software_6,6041,15,0,11,4,64
11/25/2023,Cliente_72,Banca,Software_9,7744,15,4,70,2,79
6/16/2023,Cliente_11,Educacion,Software_4,4955,4,1,23,2,69
10/1/2023,Cliente_105,Tecnologia,Software_1,6647,8,0,70,3,68
3/30/2023,Cliente_14,Banca,Software_8,7296,16,1,38,3,28
11/12/2023,Cliente_60,Educacion,Software_7,6011,16,0,2,1,53
1/14/2023,Cliente_30,Retail,Software_7,6581,4,2,37,4,51
8/30/2023,Cliente_35,Banca,Software_3,2861,13,3,49,1,53
9/22/2023,Cliente_165,Salud,Software_4,4556,13,1,52,4,4
12/12/2023,Cliente_5,Banca,Software_9,9707,2,4,33,3,79
2/22/2023,Cliente_83,Banca,Software_6,6461,3,2,22,5,17
12/6/2023,Cliente_123,Educacion,Software_5,5793,8,0,5,3,67
4/2/2023,Cliente_78,Retail,Software_3,5888,15,1,18,1,74
9/21/2023,Cliente_154,Salud,Software_9,301,11,0,38,4,47
2/4/2023,Cliente_62,Tecnologia,Software_5,6260,9,0,37,4,56
7/25/2023,Cliente_132,Tecnologia,Software_5,617,7,0,64,5,23
3/22/2023,Cliente_89,Banca,Software_4,7837,13,3,10,3,18
2/19/2023,Cliente_42,Educacion,Software_4,9633,2,3,42,3,1
12/26/2023,Cliente_89,Educacion,Software_1,2088,8,4,48,5,35
1/2/2023,Cliente_146,Tecnologia,Software_7,3902,7,1,44,2,64
2/23/2023,Cliente_40,Salud,Software_9,5908,12,2,16,4,58
4/16/2023,Cliente_72,Retail,Software_3,7262,19,2,54,3,95
9/17/2023,Cliente_39,Salud,Software_2,6341,7,2,35,1,59
11/6/2023,Cliente_104,Retail,Software_3,8499,10,0,28,3,1
7/10/2023,Cliente_14,Tecnologia,Software_1,5733,16,3,2,3,3
8/6/2023,Cliente_32,Retail,Software_6,5855,3,1,13,4,67
2/13/2023,Cliente_179,Educacion,Software_7,6409,10,0,41,5,37
6/11/2023,Cliente_125,Banca,Software_2,4217,6,3,59,3,83
7/21/2023,Cliente_166,Banca,Software_8,8445,18,3,69,4,29
9/27/2023,Cliente_97,Tecnologia,Software_6,1618,18,1,53,1,89
12/17/2023,Cliente_23,Educacion,Software_4,6263,5,1,45,3,33
10/31/2023,Cliente_63,Salud,Software_5,2700,7,1,20,1,61
9/28/2023,Cliente_143,Educacion,Software_8,2295,2,0,24,5,93
8/3/2023,Cliente_153,Banca,Software_3,3654,11,4,61,4,90
9/9/2023,Cliente_145,Banca,Software_3,2949,13,1,58,4,4
7/9/2023,Cliente_194,Educacion,Software_4,1842,5,4,27,4,14
10/23/2023,Cliente_53,Educacion,Software_1,1406,6,0,26,4,91
8/1/2023,Cliente_104,Banca,Software_9,3949,14,4,7,5,33
7/27/2023,Cliente_104,Salud,Software_8,7619,12,2,42,4,22
8/25/2023,Cliente_179,Tecnologia,Software_8,4295,4,4,47,5,48
12/4/2023,Cliente_39,Tecnologia,Software_6,5278,6,1,53,3,3
2/22/2023,Cliente_179,Educacion,Software_7,2655,10,0,59,2,87
10/7/2023,Cliente_198,Tecnologia,Software_6,2405,18,1,38,3,85
8/5/2023,Cliente_134,Banca,Software_9,7719,15,2,69,2,23
9/9/2023,Cliente_67,Banca,Software_3,9380,8,1,53,4,68
7/7/2023,Cliente_135,Educacion,Software_3,2742,9,1,15,3,21
2/10/2023,Cliente_179,Educacion,Software_3,9469,5,1,26,4,43
6/6/2023,Cliente_42,Educacion,Software_3,6509,10,3,48,1,95
1/15/2023,Cliente_192,Salud,Software_9,4857,6,2,19,2,85
10/28/2023,Cliente_15,Tecnologia,Software_4,3094,16,1,9,3,26
3/6/2023,Cliente_111,Educacion,Software_7,8851,3,1,64,5,41
12/11/2023,Cliente_157,Retail,Software_9,1371,10,1,54,3,99
11/23/2023,Cliente_33,Retail,Software_7,1913,11,0,51,3,38
1/9/2023,Cliente_155,Banca,Software_9,8901,11,3,39,4,88
12/10/2023,Cliente_164,Tecnologia,Software_3,2561,17,0,4,4,11
5/9/2023,Cliente_157,Educacion,Software_4,4220,4,3,3,3,29
5/16/2023,Cliente_38,Retail,Software_8,6224,4,1,64,3,60
3/4/2023,Cliente_185,Tecnologia,Software_6,8575,17,2,29,2,67
5/19/2023,Cliente_97,Banca,Software_5,4496,9,4,11,5,65
3/22/2023,Cliente_155,Salud,Software_4,9383,19,4,58,2,61
6/12/2023,Cliente_183,Tecnologia,Software_8,916,5,1,27,3,19
10/16/2023,Cliente_33,Tecnologia,Software_1,7404,6,0,21,1,46
9/18/2023,Cliente_196,Salud,Software_9,7431,3,2,39,2,49
8/19/2023,Cliente_86,Tecnologia,Software_1,182,1,3,46,4,22
2/10/2023,Cliente_66,Banca,Software_8,2020,16,1,66,2,78
1/28/2023,Cliente_10,Banca,Software_4,7917,11,2,36,1,57
5/15/2023,Cliente_5,Salud,Software_9,2193,13,2,65,3,14
7/20/2023,Cliente_123,Educacion,Software_5,7171,10,3,63,1,44
11/24/2023,Cliente_74,Retail,Software_3,8067,3,2,35,1,16
9/25/2023,Cliente_97,Educacion,Software_9,8467,9,0,31,4,97
2/2/2023,Cliente_118,Tecnologia,Software_9,5385,12,0,28,4,77
2/17/2023,Cliente_38,Retail,Software_4,5037,14,0,1,5,12
3/3/2023,Cliente_141,Salud,Software_4,469,1,2,25,5,55
8/4/2023,Cliente_159,Salud,Software_8,1918,18,0,43,4,51
10/20/2023,Cliente_47,Retail,Software_2,2201,17,3,67,1,39
4/9/2023,Cliente_109,Banca,Software_9,3590,9,2,63,4,33
6/21/2023,Cliente_180,Retail,Software_6,1879,9,4,51,4,33
12/26/2023,Cliente_184,Tecnologia,Software_9,7774,10,2,2,4,29
8/2/2023,Cliente_15,Banca,Software_8,1464,19,3,64,3,69
2/4/2023,Cliente_157,Salud,Software_7,7394,15,4,69,2,70
8/15/2023,Cliente_136,Retail,Software_1,3776,5,2,9,4,31
4/11/2023,Cliente_5,Educacion,Software_3,2526,15,0,2,4,80
5/11/2023,Cliente_157,Educacion,Software_2,8364,2,1,34,5,31
9/14/2023,Cliente_47,Tecnologia,Software_5,8189,13,1,60,2,89
1/5/2023,Cliente_68,Educacion,Software_5,3062,16,0,61,2,46
8/6/2023,Cliente_76,Retail,Software_5,959,15,1,31,2,97
9/12/2023,Cliente_173,Retail,Software_4,4238,10,1,10,4,77
12/25/2023,Cliente_130,Educacion,Software_5,2524,14,0,36,2,52
10/10/2023,Cliente_155,Retail,Software_3,9356,10,0,49,1,10
7/26/2023,Cliente_95,Tecnologia,Software_1,4117,14,2,70,5,88
1/15/2023,Cliente_115,Banca,Software_5,8660,9,2,49,1,74
12/12/2023,Cliente_164,Tecnologia,Software_9,8442,14,0,3,4,41
2/11/2023,Cliente_36,Tecnologia,Software_9,1234,3,3,5,3,95
6/28/2023,Cliente_26,Retail,Software_4,5266,16,1,61,4,77
3/4/2023,Cliente_43,Banca,Software_3,5219,2,2,26,4,3
12/18/2023,Cliente_27,Retail,Software_1,5794,10,1,5,5,59
8/19/2023,Cliente_69,Salud,Software_2,6236,3,4,15,5,52
8/29/2023,Cliente_148,Retail,Software_8,5585,11,0,16,1,34
2/21/2023,Cliente_11,Retail,Software_1,4264,11,3,1,1,49
4/6/2023,Cliente_74,Retail,Software_8,2446,13,4,16,3,28
8/10/2023,Cliente_104,Banca,Software_7,5139,7,4,37,4,83
8/19/2023,Cliente_38,Retail,Software_8,4997,17,4,3,5,87
8/25/2023,Cliente_134,Banca,Software_6,8352,2,0,52,3,96
5/23/2023,Cliente_23,Educacion,Software_9,5141,12,2,47,4,13
6/20/2023,Cliente_47,Salud,Software_3,4001,10,0,13,2,97
1/29/2023,Cliente_90,Banca,Software_4,1437,18,2,55,4,98
2/5/2023,Cliente_46,Educacion,Software_6,1284,11,4,21,5,97
1/13/2023,Cliente_107,Banca,Software_8,4526,16,4,66,3,69
6/9/2023,Cliente_140,Banca,Software_5,1651,17,3,54,3,67
11/23/2023,Cliente_141,Salud,Software_3,1729,19,2,27,1,61
7/6/2023,Cliente_104,Tecnologia,Software_6,9619,18,4,38,4,60
8/31/2023,Cliente_190,Tecnologia,Software_4,1626,3,1,58,3,71
3/27/2023,Cliente_111,Banca,Software_9,9965,16,3,62,2,24
10/11/2023,Cliente_104,Retail,Software_3,1461,6,0,46,3,63
3/7/2023,Cliente_60,Educacion,Software_4,9865,12,3,11,3,86
6/19/2023,Cliente_171,Retail,Software_7,4470,11,1,8,3,61
2/14/2023,Cliente_100,Retail,Software_7,5383,15,2,71,4,23
3/3/2023,Cliente_68,Banca,Software_4,7710,15,0,64,1,30
5/14/2023,Cliente_133,Banca,Software_6,2093,16,0,21,4,60
10/11/2023,Cliente_120,Banca,Software_3,969,10,2,63,4,18
1/28/2023,Cliente_37,Banca,Software_6,1114,12,3,64,3,96
4/18/2023,Cliente_72,Tecnologia,Software_2,702,13,4,20,1,56
2/13/2023,Cliente_127,Banca,Software_8,790,4,3,8,4,53
12/6/2023,Cliente_106,Tecnologia,Software_2,8785,7,1,58,5,7
10/13/2023,Cliente_92,Tecnologia,Software_7,589,2,4,46,2,97
11/27/2023,Cliente_31,Banca,Software_9,6964,15,3,31,3,69
5/8/2023,Cliente_122,Salud,Software_1,7340,8,2,9,2,92
12/14/2023,Cliente_137,Educacion,Software_8,7886,7,1,15,4,72
8/19/2023,Cliente_51,Retail,Software_7,8124,15,1,26,2,79
7/9/2023,Cliente_29,Tecnologia,Software_6,394,14,1,10,3,52
8/13/2023,Cliente_40,Educacion,Software_6,5588,8,4,29,4,4
10/10/2023,Cliente_41,Salud,Software_6,4127,12,0,36,4,34
5/1/2023,Cliente_11,Retail,Software_9,3012,13,4,37,3,69
4/26/2023,Cliente_151,Retail,Software_2,4844,11,3,71,3,33
8/21/2023,Cliente_1,Tecnologia,Software_1,1973,17,0,23,4,69
9/16/2023,Cliente_46,Banca,Software_6,3358,17,3,41,1,38
12/25/2023,Cliente_101,Salud,Software_8,2917,4,0,28,1,98
7/17/2023,Cliente_149,Tecnologia,Software_3,8736,8,4,48,5,26
5/17/2023,Cliente_90,Salud,Software_1,3741,5,1,38,1,1
11/14/2023,Cliente_110,Banca,Software_9,4558,16,2,31,4,4
6/14/2023,Cliente_164,Banca,Software_1,5407,4,1,14,5,39
8/13/2023,Cliente_182,Tecnologia,Software_3,9033,15,4,29,3,54
11/3/2023,Cliente_57,Banca,Software_8,2141,12,0,51,3,90
8/22/2023,Cliente_1,Educacion,Software_3,779,5,1,49,4,33
6/21/2023,Cliente_63,Retail,Software_4,5838,16,4,43,5,33
6/1/2023,Cliente_182,Tecnologia,Software_8,5768,14,3,5,5,72
11/11/2023,Cliente_55,Salud,Software_1,9650,10,2,42,4,20
6/9/2023,Cliente_115,Educacion,Software_6,7797,7,1,7,1,16
4/6/2023,Cliente_168,Tecnologia,Software_1,8133,13,0,42,4,21
8/21/2023,Cliente_143,Banca,Software_1,162,5,3,36,3,45
6/29/2023,Cliente_149,Banca,Software_8,7929,3,4,27,3,90
4/23/2023,Cliente_175,Banca,Software_4,7452,15,2,58,1,87
11/14/2023,Cliente_53,Banca,Software_1,7015,4,0,46,2,82
2/21/2023,Cliente_137,Salud,Software_7,8426,15,4,66,4,62
9/25/2023,Cliente_180,Educacion,Software_5,3744,14,4,25,3,31
10/22/2023,Cliente_57,Retail,Software_5,5070,19,1,27,3,42
4/23/2023,Cliente_117,Salud,Software_1,8103,13,1,1,3,12
4/11/2023,Cliente_154,Salud,Software_6,3378,10,0,42,5,65
4/23/2023,Cliente_169,Retail,Software_9,7396,5,4,52,4,73
3/22/2023,Cliente_35,Retail,Software_9,9114,6,1,25,3,3
7/6/2023,Cliente_63,Banca,Software_8,3174,4,2,54,2,90
4/23/2023,Cliente_25,Salud,Software_5,8412,2,2,67,3,9
1/2/2023,Cliente_90,Tecnologia,Software_1,7652,16,4,6,5,51
5/10/2023,Cliente_75,Retail,Software_9,1737,18,1,58,4,16
8/8/2023,Cliente_38,Retail,Software_1,5203,5,0,70,3,88
2/23/2023,Cliente_130,Educacion,Software_8,9216,4,0,53,4,78
12/9/2023,Cliente_135,Tecnologia,Software_5,744,13,0,66,3,3
8/12/2023,Cliente_162,Tecnologia,Software_3,2132,19,2,58,4,98
8/13/2023,Cliente_91,Retail,Software_7,2861,2,1,2,3,97
5/6/2023,Cliente_17,Banca,Software_7,2168,13,1,22,2,24
5/10/2023,Cliente_128,Educacion,Software_9,341,11,2,37,2,73
2/22/2023,Cliente_171,Tecnologia,Software_7,2768,4,0,20,3,13
6/21/2023,Cliente_187,Retail,Software_3,902,15,0,24,5,2
8/6/2023,Cliente_108,Tecnologia,Software_1,5159,4,4,65,3,71
6/9/2023,Cliente_179,Educacion,Software_8,295,9,3,65,5,21
7/17/2023,Cliente_182,Educacion,Software_3,2287,7,1,1,4,19
9/4/2023,Cliente_152,Salud,Software_8,2430,19,1,3,2,89
11/20/2023,Cliente_25,Retail,Software_8,4941,19,1,46,1,47
7/22/2023,Cliente_199,Educacion,Software_5,3706,6,3,55,2,22
7/3/2023,Cliente_180,Salud,Software_1,8568,6,4,64,4,75
5/3/2023,Cliente_198,Salud,Software_7,160,15,3,45,2,33
9/12/2023,Cliente_88,Tecnologia,Software_5,4027,15,0,26,3,32
10/21/2023,Cliente_161,Tecnologia,Software_8,6396,9,0,65,3,64
10/7/2023,Cliente_177,Salud,Software_9,2691,4,1,24,4,85
11/21/2023,Cliente_29,Tecnologia,Software_7,8858,18,2,35,2,39
4/8/2023,Cliente_63,Educacion,Software_7,9863,18,1,24,3,84
7/17/2023,Cliente_150,Banca,Software_1,6221,5,2,28,3,72
8/28/2023,Cliente_154,Educacion,Software_4,1300,11,3,16,3,42
5/24/2023,Cliente_156,Salud,Software_2,2954,5,0,59,4,9
4/7/2023,Cliente_114,Salud,Software_2,7124,4,2,54,2,25
7/20/2023,Cliente_49,Educacion,Software_2,9528,12,3,16,4,89
5/4/2023,Cliente_199,Tecnologia,Software_4,7072,2,0,15,4,97
7/6/2023,Cliente_81,Tecnologia,Software_1,236,13,2,11,4,2
11/22/2023,Cliente_84,Salud,Software_4,1129,10,1,65,4,19
12/15/2023,Cliente_105,Retail,Software_2,2694,9,1,68,3,20
9/16/2023,Cliente_177,Tecnologia,Software_5,7306,10,1,43,2,93
5/28/2023,Cliente_148,Educacion,Software_3,761,7,3,69,4,70
9/9/2023,Cliente_118,Tecnologia,Software_8,2572,4,1,13,3,17
12/12/2023,Cliente_86,Educacion,Software_4,186,19,4,10,4,89
5/27/2023,Cliente_63,Salud,Software_1,6319,10,0,41,3,68
5/28/2023,Cliente_189,Tecnologia,Software_1,8243,3,3,50,5,94
12/18/2023,Cliente_104,Educacion,Software_3,7068,19,1,71,4,84
7/18/2023,Cliente_49,Salud,Software_9,2873,2,0,59,1,3
11/4/2023,Cliente_71,Retail,Software_7,1800,10,2,39,3,87
5/8/2023,Cliente_1,Educacion,Software_2,2800,2,1,3,4,51
2/8/2023,Cliente_141,Retail,Software_9,6915,2,0,7,4,82
12/4/2023,Cliente_179,Retail,Software_2,1747,17,4,49,3,26
12/26/2023,Cliente_123,Banca,Software_3,6138,16,2,26,5,56
5/9/2023,Cliente_184,Tecnologia,Software_2,5264,16,4,33,3,64
9/24/2023,Cliente_62,Educacion,Software_3,5620,14,0,48,3,8
5/31/2023,Cliente_32,Retail,Software_6,3787,7,4,2,5,81
10/25/2023,Cliente_158,Banca,Software_9,696,11,0,71,5,95
4/9/2023,Cliente_29,Salud,Software_9,4645,1,0,32,4,37
9/20/2023,Cliente_49,Educacion,Software_7,8776,11,4,4,5,97
9/9/2023,Cliente_173,Retail,Software_3,8937,4,0,20,1,27
5/24/2023,Cliente_30,Tecnologia,Software_4,4857,7,1,36,5,45
12/12/2023,Cliente_144,Banca,Software_6,4484,15,0,32,3,4
4/22/2023,Cliente_168,Retail,Software_5,9012,18,3,28,2,86
3/1/2023,Cliente_19,Tecnologia,Software_2,4833,12,0,1,2,90
1/2/2023,Cliente_18,Retail,Software_6,7181,17,3,60,3,96
10/31/2023,Cliente_1,Educacion,Software_3,8790,1,0,56,3,88
9/11/2023,Cliente_78,Educacion,Software_8,7217,11,0,35,3,99
5/20/2023,Cliente_115,Educacion,Software_2,4829,1,4,30,2,37
2/6/2023,Cliente_175,Banca,Software_1,1773,15,1,54,3,96
6/9/2023,Cliente_194,Educacion,Software_9,8406,10,1,36,4,71
1/9/2023,Cliente_113,Tecnologia,Software_3,7278,7,2,55,3,33
8/21/2023,Cliente_114,Retail,Software_1,2394,2,4,58,3,31
4/9/2023,Cliente_166,Salud,Software_7,3730,10,4,65,4,55
5/27/2023,Cliente_179,Tecnologia,Software_5,246,4,1,69,5,12
10/31/2023,Cliente_63,Tecnologia,Software_5,3553,12,4,51,4,11
7/27/2023,Cliente_132,Educacion,Software_1,4607,19,1,22,3,88
5/11/2023,Cliente_129,Banca,Software_9,5883,11,4,53,4,72
6/1/2023,Cliente_8,Retail,Software_7,7851,8,0,36,2,32
2/23/2023,Cliente_157,Banca,Software_8,5728,18,1,68,2,57
4/30/2023,Cliente_55,Retail,Software_9,8428,11,1,36,3,38
6/10/2023,Cliente_103,Retail,Software_6,3460,11,3,52,4,60
4/26/2023,Cliente_131,Banca,Software_5,3105,13,4,53,2,86
3/16/2023,Cliente_32,Tecnologia,Software_6,3652,3,4,50,1,98
4/23/2023,Cliente_10,Retail,Software_2,118,12,1,41,2,19
4/14/2023,Cliente_110,Banca,Software_4,2342,3,0,18,5,84
12/6/2023,Cliente_162,Retail,Software_3,6418,10,0,22,4,56
9/11/2023,Cliente_124,Salud,Software_7,5197,17,0,66,3,14
8/15/2023,Cliente_87,Tecnologia,Software_9,8740,2,4,21,4,33
4/22/2023,Cliente_55,Educacion,Software_5,2048,17,3,44,3,10
4/9/2023,Cliente_32,Retail,Software_6,9237,16,1,47,4,80
6/2/2023,Cliente_178,Salud,Software_2,5718,2,2,39,2,64
12/15/2023,Cliente_135,Educacion,Software_3,4336,6,3,29,5,64
12/4/2023,Cliente_93,Educacion,Software_3,7001,10,2,54,3,62
7/13/2023,Cliente_8,Retail,Software_9,2020,10,3,17,4,68
11/6/2023,Cliente_65,Banca,Software_7,4288,8,0,60,1,91
6/12/2023,Cliente_57,Retail,Software_8,338,1,4,31,3,92
7/27/2023,Cliente_67,Salud,Software_9,304,13,2,49,3,43
6/18/2023,Cliente_187,Educacion,Software_6,5652,9,3,2,3,80
6/10/2023,Cliente_72,Retail,Software_4,5027,10,4,48,1,59
3/9/2023,Cliente_54,Banca,Software_1,4490,15,2,14,4,52
10/16/2023,Cliente_67,Retail,Software_8,2787,5,1,59,2,97
10/4/2023,Cliente_51,Tecnologia,Software_7,5051,16,3,58,4,19
10/31/2023,Cliente_97,Banca,Software_2,6260,13,1,58,4,21
5/15/2023,Cliente_92,Salud,Software_8,5488,18,0,51,4,22
7/14/2023,Cliente_8,Educacion,Software_5,9640,11,1,2,4,9
5/8/2023,Cliente_162,Retail,Software_7,5226,9,1,41,4,9
2/2/2023,Cliente_35,Banca,Software_4,916,16,3,16,3,73
6/25/2023,Cliente_96,Tecnologia,Software_5,9112,2,0,4,4,27
1/22/2023,Cliente_88,Banca,Software_8,292,2,1,12,3,17
8/26/2023,Cliente_78,Tecnologia,Software_1,1876,12,4,29,4,44
6/7/2023,Cliente_32,Salud,Software_1,3745,8,2,7,4,45
2/7/2023,Cliente_120,Educacion,Software_4,6414,9,1,14,3,8
8/18/2023,Cliente_46,Salud,Software_3,8542,12,0,12,3,80
12/31/2023,Cliente_144,Retail,Software_2,1888,9,1,5,3,18
2/20/2023,Cliente_196,Banca,Software_3,7474,10,2,32,4,33
9/21/2023,Cliente_165,Tecnologia,Software_1,3800,2,0,43,5,1
10/10/2023,Cliente_182,Tecnologia,Software_1,9459,16,3,69,3,76
1/27/2023,Cliente_142,Banca,Software_6,3993,7,0,45,4,6
8/14/2023,Cliente_55,Banca,Software_5,6911,2,3,9,5,41
10/4/2023,Cliente_176,Retail,Software_8,9388,1,0,49,1,55
10/13/2023,Cliente_7,Salud,Software_2,2779,19,2,33,2,5
4/7/2023,Cliente_74,Tecnologia,Software_4,4004,4,2,18,4,59
10/11/2023,Cliente_7,Retail,Software_8,7360,2,0,9,4,80
11/13/2023,Cliente_161,Salud,Software_6,604,14,1,62,5,18
10/31/2023,Cliente_151,Retail,Software_1,9913,2,2,57,3,49
5/27/2023,Cliente_85,Tecnologia,Software_4,9679,15,3,29,1,82
1/4/2023,Cliente_147,Banca,Software_1,6873,12,3,25,3,65
2/4/2023,Cliente_112,Banca,Software_2,3916,5,4,15,2,83
7/11/2023,Cliente_125,Salud,Software_5,817,7,3,6,3,54
2/18/2023,Cliente_147,Educacion,Software_8,4534,10,4,42,4,61
1/17/2023,Cliente_36,Salud,Software_8,758,14,0,29,1,8
6/21/2023,Cliente_29,Educacion,Software_3,5157,14,0,4,4,3
8/8/2023,Cliente_188,Retail,Software_4,4108,5,0,57,3,25
6/7/2023,Cliente_82,Retail,Software_6,5094,18,1,49,4,69
2/15/2023,Cliente_2,Tecnologia,Software_3,4334,14,1,44,1,55
1/6/2023,Cliente_129,Educacion,Software_2,3864,2,4,14,3,40
4/9/2023,Cliente_47,Tecnologia,Software_6,4737,12,3,3,1,83
8/21/2023,Cliente_197,Banca,Software_5,2204,6,3,62,5,82
2/6/2023,Cliente_148,Educacion,Software_5,9547,4,0,64,4,50
10/7/2023,Cliente_11,Salud,Software_5,6901,13,2,45,3,95
12/15/2023,Cliente_130,Banca,Software_5,8675,4,1,58,2,33
10/29/2023,Cliente_195,Banca,Software_3,2707,14,1,20,5,18
6/30/2023,Cliente_119,Salud,Software_7,8485,16,0,58,3,57
4/5/2023,Cliente_140,Banca,Software_6,3819,4,1,57,2,16
4/9/2023,Cliente_20,Educacion,Software_4,2681,1,0,68,4,80
7/7/2023,Cliente_5,Tecnologia,Software_2,2665,13,4,52,5,38
4/26/2023,Cliente_37,Banca,Software_9,2863,4,3,37,1,41
7/10/2023,Cliente_166,Educacion,Software_1,6428,18,2,8,2,7
9/10/2023,Cliente_137,Retail,Software_4,6091,6,3,44,5,78
6/10/2023,Cliente_53,Educacion,Software_1,3506,3,3,5,2,53
9/13/2023,Cliente_172,Tecnologia,Software_6,9023,13,4,69,2,63
11/19/2023,Cliente_99,Educacion,Software_4,4880,16,1,31,4,89
5/8/2023,Cliente_86,Salud,Software_5,4277,5,2,45,5,32
1/18/2023,Cliente_108,Tecnologia,Software_5,6576,4,1,9,3,38
10/8/2023,Cliente_24,Retail,Software_9,2704,8,3,32,5,22
8/11/2023,Cliente_81,Salud,Software_1,8281,19,0,33,4,16
2/23/2023,Cliente_158,Educacion,Software_2,2482,14,3,67,1,52
2/27/2023,Cliente_120,Tecnologia,Software_6,631,7,1,30,5,29
11/19/2023,Cliente_59,Retail,Software_5,6179,14,3,29,3,16
12/26/2023,Cliente_128,Salud,Software_7,734,6,0,3,3,76
6/23/2023,Cliente_114,Retail,Software_3,102,12,4,57,4,17
10/7/2023,Cliente_115,Educacion,Software_3,8497,16,1,30,3,64
4/24/2023,Cliente_14,Retail,Software_2,6051,17,3,9,1,91
10/15/2023,Cliente_9,Banca,Software_3,5726,13,1,26,1,89
12/8/2023,Cliente_40,Salud,Software_1,7839,14,4,2,3,13
5/31/2023,Cliente_194,Retail,Software_5,6103,7,3,62,4,72
5/7/2023,Cliente_25,Educacion,Software_5,2990,14,3,3,4,56
6/4/2023,Cliente_103,Educacion,Software_7,6339,15,1,46,5,5
9/30/2023,Cliente_22,Retail,Software_4,8126,12,1,68,3,12
4/14/2023,Cliente_4,Educacion,Software_3,3406,17,0,25,3,41
10/26/2023,Cliente_154,Tecnologia,Software_1,997,9,4,51,2,3
9/3/2023,Cliente_186,Tecnologia,Software_8,9377,15,0,13,2,99
6/25/2023,Cliente_29,Tecnologia,Software_3,9571,12,3,44,3,33
2/8/2023,Cliente_109,Banca,Software_2,770,2,1,35,4,86
6/19/2023,Cliente_98,Retail,Software_4,7391,5,3,55,5,50
9/4/2023,Cliente_37,Banca,Software_3,1605,13,3,9,5,56
1/26/2023,Cliente_75,Educacion,Software_1,6560,8,2,2,2,9
12/21/2023,Cliente_70,Banca,Software_3,5267,14,2,61,5,82
11/2/2023,Cliente_146,Educacion,Software_2,5355,15,3,41,3,50
1/13/2023,Cliente_128,Educacion,Software_8,349,11,1,44,2,29
11/12/2023,Cliente_85,Salud,Software_6,6557,1,3,64,5,39
11/9/2023,Cliente_42,Tecnologia,Software_9,1992,3,2,31,4,91
2/5/2023,Cliente_100,Educacion,Software_8,3539,17,1,47,2,45
6/22/2023,Cliente_41,Salud,Software_3,2954,19,3,2,3,17
1/20/2023,Cliente_166,Tecnologia,Software_5,9795,14,4,69,3,56
11/17/2023,Cliente_34,Educacion,Software_7,3892,8,4,58,4,98
9/21/2023,Cliente_17,Educacion,Software_5,5430,13,3,44,3,46
5/22/2023,Cliente_165,Banca,Software_8,7971,3,1,56,5,67
5/23/2023,Cliente_153,Banca,Software_5,8335,5,3,43,1,69
4/2/2023,Cliente_122,Tecnologia,Software_1,3712,9,3,34,3,14
12/20/2023,Cliente_76,Educacion,Software_5,2718,6,2,30,3,67
11/18/2023,Cliente_87,Retail,Software_4,4778,2,4,71,3,23
10/15/2023,Cliente_117,Banca,Software_6,3263,13,2,70,3,94
8/3/2023,Cliente_106,Tecnologia,Software_3,9580,5,2,55,4,61
12/8/2023,Cliente_86,Educacion,Software_5,3042,8,3,67,5,23
2/20/2023,Cliente_27,Educacion,Software_2,8511,1,2,13,5,27
6/2/2023,Cliente_57,Retail,Software_6,2025,12,4,3,4,54
7/5/2023,Cliente_31,Tecnologia,Software_6,3072,11,2,26,5,10
3/4/2023,Cliente_134,Educacion,Software_5,1090,7,4,57,4,89
7/9/2023,Cliente_168,Banca,Software_6,1912,15,2,24,4,77
5/5/2023,Cliente_98,Retail,Software_7,9095,11,4,53,3,16
5/30/2023,Cliente_12,Tecnologia,Software_5,589,16,2,70,3,41
11/10/2023,Cliente_53,Retail,Software_1,5976,3,2,43,3,98
2/27/2023,Cliente_199,Banca,Software_8,9785,14,1,60,3,55
12/8/2023,Cliente_138,Tecnologia,Software_4,3745,3,4,58,3,61
11/1/2023,Cliente_173,Retail,Software_9,7181,1,4,49,5,86
6/29/2023,Cliente_145,Salud,Software_6,2991,15,4,42,3,81
6/19/2023,Cliente_154,Banca,Software_1,9997,1,0,66,1,87
11/22/2023,Cliente_190,Banca,Software_3,3616,17,2,11,3,49
9/28/2023,Cliente_122,Banca,Software_3,3440,2,4,18,1,73
2/23/2023,Cliente_46,Salud,Software_4,6510,6,0,52,2,52
4/11/2023,Cliente_64,Salud,Software_6,153,8,1,46,2,2
9/21/2023,Cliente_130,Educacion,Software_7,2675,16,4,44,3,96
2/22/2023,Cliente_54,Retail,Software_4,715,19,4,22,3,50
3/1/2023,Cliente_107,Educacion,Software_6,6044,1,0,53,4,86
4/18/2023,Cliente_193,Retail,Software_1,7504,3,2,59,4,43
1/5/2023,Cliente_51,Salud,Software_8,1054,3,1,30,3,77
4/13/2023,Cliente_181,Salud,Software_7,1729,5,4,8,3,8
7/15/2023,Cliente_36,Educacion,Software_9,6959,12,2,57,3,59
9/19/2023,Cliente_115,Tecnologia,Software_3,8941,12,1,20,4,65
12/31/2023,Cliente_26,Educacion,Software_2,3378,13,3,25,1,81
12/16/2023,Cliente_29,Retail,Software_1,5555,9,3,19,1,12
2/16/2023,Cliente_149,Educacion,Software_3,3901,7,1,5,4,4
12/21/2023,Cliente_11,Banca,Software_5,2661,4,0,27,3,77
11/7/2023,Cliente_40,Retail,Software_2,6639,19,1,40,2,95
11/4/2023,Cliente_11,Retail,Software_3,470,19,1,26,2,41
5/24/2023,Cliente_164,Tecnologia,Software_4,957,6,0,27,5,7
9/26/2023,Cliente_113,Salud,Software_7,4986,13,0,62,5,87
5/4/2023,Cliente_187,Retail,Software_3,7585,11,2,50,4,88
4/16/2023,Cliente_39,Salud,Software_9,483,13,2,42,3,69
6/7/2023,Cliente_54,Educacion,Software_8,4434,13,0,29,3,69
5/27/2023,Cliente_98,Banca,Software_4,4390,15,3,39,5,81
5/25/2023,Cliente_55,Tecnologia,Software_1,2825,13,3,60,5,30
4/30/2023,Cliente_111,Salud,Software_1,6304,11,1,41,2,73
11/15/2023,Cliente_152,Retail,Software_1,6211,19,4,33,4,6
10/2/2023,Cliente_150,Salud,Software_1,4351,8,1,16,2,89
4/2/2023,Cliente_69,Retail,Software_8,1022,8,1,23,2,19
2/27/2023,Cliente_56,Salud,Software_3,3015,10,4,7,4,80
12/12/2023,Cliente_33,Retail,Software_6,8057,16,0,26,3,85
8/17/2023,Cliente_36,Educacion,Software_3,3146,19,3,12,5,66
4/27/2023,Cliente_148,Retail,Software_5,9266,11,1,5,1,10
11/14/2023,Cliente_81,Retail,Software_7,1330,13,4,69,3,16
10/6/2023,Cliente_190,Banca,Software_2,7747,9,2,49,5,37
5/7/2023,Cliente_109,Retail,Software_6,5033,19,1,26,5,79
5/9/2023,Cliente_154,Banca,Software_6,9655,16,3,5,2,77
2/27/2023,Cliente_194,Tecnologia,Software_3,4040,7,0,22,3,77
5/2/2023,Cliente_73,Banca,Software_6,6583,19,1,13,4,32
1/1/2023,Cliente_40,Educacion,Software_5,303,12,1,28,2,47
8/27/2023,Cliente_17,Banca,Software_2,260,15,4,33,5,72
10/17/2023,Cliente_129,Tecnologia,Software_9,9060,14,2,23,5,43
4/6/2023,Cliente_61,Educacion,Software_8,3848,11,2,18,2,82
5/6/2023,Cliente_171,Salud,Software_3,6818,10,0,30,2,36
4/28/2023,Cliente_104,Salud,Software_8,2681,11,3,26,1,26
2/17/2023,Cliente_42,Banca,Software_9,1193,6,0,16,5,10
3/30/2023,Cliente_25,Banca,Software_3,4600,2,1,39,2,31
8/25/2023,Cliente_39,Tecnologia,Software_3,8899,11,1,33,3,97
9/29/2023,Cliente_35,Tecnologia,Software_2,5810,19,2,26,3,29
7/8/2023,Cliente_131,Retail,Software_8,9832,6,3,48,4,5
7/11/2023,Cliente_108,Tecnologia,Software_1,2975,14,4,65,1,77
3/10/2023,Cliente_172,Retail,Software_8,3291,6,3,38,2,1
10/5/2023,Cliente_179,Educacion,Software_7,1937,17,1,2,5,87
12/15/2023,Cliente_102,Banca,Software_7,789,10,4,6,5,3
9/4/2023,Cliente_98,Educacion,Software_3,3859,1,3,46,4,67
3/17/2023,Cliente_12,Tecnologia,Software_1,2203,3,3,50,1,71
6/3/2023,Cliente_19,Educacion,Software_4,465,8,4,38,3,35
5/24/2023,Cliente_101,Educacion,Software_9,8192,8,1,18,4,15
3/27/2023,Cliente_44,Educacion,Software_5,4272,15,3,27,3,67
7/4/2023,Cliente_187,Tecnologia,Software_1,6133,7,4,41,5,93
10/12/2023,Cliente_49,Educacion,Software_5,2478,11,1,17,4,30
8/8/2023,Cliente_189,Retail,Software_8,1305,7,4,62,1,82
3/10/2023,Cliente_17,Tecnologia,Software_8,5088,4,4,29,5,75
2/16/2023,Cliente_74,Educacion,Software_5,5769,12,3,58,5,43
4/4/2023,Cliente_57,Tecnologia,Software_9,2835,6,1,70,1,60
8/26/2023,Cliente_55,Salud,Software_1,9967,14,3,22,3,40
7/23/2023,Cliente_47,Retail,Software_4,8590,12,0,6,3,65
8/6/2023,Cliente_12,Educacion,Software_3,1056,11,0,26,3,29
12/7/2023,Cliente_62,Salud,Software_2,9406,19,1,39,2,74
2/8/2023,Cliente_80,Salud,Software_8,6723,5,4,12,4,92
4/10/2023,Cliente_83,Tecnologia,Software_7,1574,14,3,14,5,95
10/16/2023,Cliente_8,Salud,Software_9,4560,16,3,22,3,19
9/11/2023,Cliente_149,Retail,Software_2,7102,13,1,51,1,3
8/10/2023,Cliente_81,Retail,Software_4,6496,4,1,23,4,36
12/23/2023,Cliente_118,Banca,Software_6,2928,11,0,48,3,43
1/23/2023,Cliente_198,Retail,Software_3,2950,17,2,71,5,15
9/7/2023,Cliente_25,Salud,Software_8,3064,7,1,50,3,97
1/10/2023,Cliente_89,Retail,Software_3,4694,14,2,13,2,41
9/3/2023,Cliente_12,Tecnologia,Software_2,9241,11,1,10,2,90
11/21/2023,Cliente_143,Banca,Software_3,6744,9,4,55,4,80
4/10/2023,Cliente_59,Salud,Software_6,2950,13,4,9,3,36
10/17/2023,Cliente_154,Banca,Software_2,265,18,0,52,4,97
6/29/2023,Cliente_109,Salud,Software_8,1019,11,0,2,2,84
8/11/2023,Cliente_26,Tecnologia,Software_1,8405,15,2,25,3,77
9/7/2023,Cliente_47,Banca,Software_7,3604,19,1,13,3,33
5/27/2023,Cliente_32,Educacion,Software_2,1091,1,3,51,5,5
4/6/2023,Cliente_10,Salud,Software_6,6147,4,0,58,5,78
9/14/2023,Cliente_16,Educacion,Software_2,3939,14,3,34,2,91
11/21/2023,Cliente_199,Banca,Software_2,1358,14,3,35,3,87
1/4/2023,Cliente_145,Educacion,Software_8,7709,3,1,3,2,14
1/16/2023,Cliente_151,Educacion,Software_2,8806,17,2,59,3,68
10/7/2023,Cliente_26,Banca,Software_7,4904,3,1,70,3,83
12/2/2023,Cliente_86,Tecnologia,Software_3,167,16,0,48,5,47
9/4/2023,Cliente_135,Educacion,Software_8,9888,14,3,64,5,54
9/15/2023,Cliente_14,Educacion,Software_7,5760,13,1,19,3,4
6/9/2023,Cliente_79,Tecnologia,Software_8,4578,15,1,67,3,94
12/6/2023,Cliente_117,Educacion,Software_7,8310,14,1,5,5,83
6/1/2023,Cliente_7,Educacion,Software_6,3621,19,0,67,4,95
6/27/2023,Cliente_137,Educacion,Software_7,672,6,2,11,1,95
6/12/2023,Cliente_115,Retail,Software_5,7182,10,1,68,3,9
2/2/2023,Cliente_176,Tecnologia,Software_7,7932,15,0,69,3,53
6/28/2023,Cliente_72,Educacion,Software_1,5495,6,3,1,2,77
4/11/2023,Cliente_59,Tecnologia,Software_1,2358,10,4,63,2,78
9/25/2023,Cliente_82,Salud,Software_9,6139,7,0,29,1,60
11/19/2023,Cliente_116,Salud,Software_5,750,17,4,12,4,46
3/6/2023,Cliente_167,Educacion,Software_5,5841,18,1,41,3,54
6/17/2023,Cliente_146,Tecnologia,Software_3,6938,17,1,2,1,74
11/26/2023,Cliente_187,Tecnologia,Software_5,2687,9,0,37,2,95
2/12/2023,Cliente_103,Tecnologia,Software_3,7976,10,4,45,4,37
2/13/2023,Cliente_17,Retail,Software_9,3362,10,1,48,5,23
10/12/2023,Cliente_14,Salud,Software_9,1438,7,3,24,3,27
1/12/2023,Cliente_159,Tecnologia,Software_6,5096,16,2,22,3,70
4/5/2023,Cliente_152,Tecnologia,Software_1,5880,18,2,11,5,90
10/29/2023,Cliente_108,Retail,Software_7,2927,6,1,58,2,66
9/10/2023,Cliente_188,Retail,Software_7,5332,1,4,46,2,61
8/30/2023,Cliente_45,Tecnologia,Software_4,2317,1,1,29,3,77
2/4/2023,Cliente_98,Banca,Software_8,3639,12,4,35,2,51
8/3/2023,Cliente_131,Tecnologia,Software_6,7945,2,3,15,3,50
12/3/2023,Cliente_37,Tecnologia,Software_4,9329,4,4,60,5,19
3/31/2023,Cliente_171,Retail,Software_4,4483,17,1,42,4,1
9/21/2023,Cliente_168,Retail,Software_2,3061,4,3,43,3,40
4/3/2023,Cliente_183,Tecnologia,Software_2,3326,11,0,49,5,32
3/31/2023,Cliente_108,Tecnologia,Software_4,6937,4,2,64,1,22
4/25/2023,Cliente_39,Tecnologia,Software_5,7131,1,1,32,2,93
4/15/2023,Cliente_15,Retail,Software_8,9390,7,1,64,4,66
7/15/2023,Cliente_120,Tecnologia,Software_6,9231,18,1,2,4,40
11/10/2023,Cliente_4,Tecnologia,Software_4,3816,9,3,24,1,38
4/24/2023,Cliente_93,Educacion,Software_7,3514,3,0,66,3,48
3/16/2023,Cliente_153,Banca,Software_8,1548,8,4,38,4,55
8/5/2023,Cliente_141,Salud,Software_2,670,19,0,31,4,75
10/4/2023,Cliente_161,Banca,Software_7,3004,4,3,26,4,81
9/6/2023,Cliente_16,Educacion,Software_2,2605,18,1,29,3,55
6/13/2023,Cliente_170,Salud,Software_2,1017,11,2,67,1,51
12/23/2023,Cliente_108,Tecnologia,Software_8,7082,14,1,25,3,60
7/11/2023,Cliente_126,Educacion,Software_2,7527,18,4,48,2,8
8/15/2023,Cliente_194,Tecnologia,Software_9,6436,16,2,65,5,86
6/26/2023,Cliente_55,Retail,Software_1,1778,3,1,53,3,68
4/9/2023,Cliente_170,Educacion,Software_9,715,15,2,67,3,75
2/5/2023,Cliente_34,Retail,Software_1,7186,4,0,18,4,72
4/6/2023,Cliente_158,Educacion,Software_2,4849,5,3,9,3,9
6/1/2023,Cliente_13,Educacion,Software_6,3605,17,1,38,3,90
5/31/2023,Cliente_141,Retail,Software_6,4629,7,4,21,4,2
7/9/2023,Cliente_18,Salud,Software_1,1235,16,0,65,5,80
8/12/2023,Cliente_160,Banca,Software_7,8666,14,1,21,4,95
2/6/2023,Cliente_96,Tecnologia,Software_8,7326,16,0,27,1,70
9/25/2023,Cliente_123,Educacion,Software_2,5262,7,4,70,4,85
7/2/2023,Cliente_39,Tecnologia,Software_8,306,9,1,44,4,90
1/13/2023,Cliente_46,Retail,Software_9,4975,4,4,28,2,59
10/6/2023,Cliente_29,Tecnologia,Software_6,1419,11,2,45,2,19
8/5/2023,Cliente_190,Retail,Software_5,1241,2,4,17,5,28
12/21/2023,Cliente_62,Tecnologia,Software_9,4727,12,2,40,1,72
12/27/2023,Cliente_185,Banca,Software_9,7489,12,1,3,4,14
10/13/2023,Cliente_16,Banca,Software_1,2790,4,2,66,3,24
9/30/2023,Cliente_184,Banca,Software_3,7423,18,1,46,3,44
3/3/2023,Cliente_121,Banca,Software_9,3355,7,1,30,1,56
3/25/2023,Cliente_10,Banca,Software_2,8381,1,3,69,4,90
8/5/2023,Cliente_158,Banca,Software_4,5313,13,1,9,3,95
12/8/2023,Cliente_153,Retail,Software_4,4208,6,2,11,3,51
7/6/2023,Cliente_103,Educacion,Software_2,3120,6,3,69,4,32
1/19/2023,Cliente_84,Tecnologia,Software_3,1957,12,3,66,4,50
6/26/2023,Cliente_133,Banca,Software_3,9096,8,1,31,5,41
4/10/2023,Cliente_65,Retail,Software_1,9236,19,4,33,3,66
8/21/2023,Cliente_177,Retail,Software_6,2889,5,4,39,3,25
3/17/2023,Cliente_3,Retail,Software_8,3975,18,3,46,5,61
9/22/2023,Cliente_173,Educacion,Software_3,7705,5,1,37,4,66
10/11/2023,Cliente_142,Tecnologia,Software_5,9902,10,4,60,3,42
7/25/2023,Cliente_120,Educacion,Software_1,8235,1,1,31,2,65
8/11/2023,Cliente_158,Salud,Software_7,6155,10,1,11,4,36
2/21/2023,Cliente_68,Retail,Software_1,3982,5,3,2,3,76
12/5/2023,Cliente_146,Salud,Software_9,7275,12,3,27,4,9
5/24/2023,Cliente_190,Banca,Software_8,7229,7,0,2,3,36
3/10/2023,Cliente_37,Banca,Software_7,5121,9,4,21,2,92
4/9/2023,Cliente_153,Educacion,Software_7,4835,12,4,58,4,38
1/25/2023,Cliente_176,Tecnologia,Software_5,2487,1,4,5,1,33
2/22/2023,Cliente_193,Salud,Software_5,6682,11,2,52,3,42
5/31/2023,Cliente_181,Tecnologia,Software_5,9233,15,1,45,3,61
5/24/2023,Cliente_73,Educacion,Software_1,5966,2,3,20,3,46
2/26/2023,Cliente_143,Banca,Software_8,2666,7,4,61,4,86
2/8/2023,Cliente_49,Tecnologia,Software_1,1075,12,0,38,4,89
4/19/2023,Cliente_121,Tecnologia,Software_4,7312,18,4,20,4,61
6/30/2023,Cliente_88,Banca,Software_9,9246,3,1,25,1,18
2/11/2023,Cliente_196,Salud,Software_9,1362,7,1,2,2,70
7/5/2023,Cliente_140,Banca,Software_5,5147,11,3,32,3,82
8/11/2023,Cliente_187,Tecnologia,Software_4,9235,18,2,26,5,80
5/2/2023,Cliente_37,Salud,Software_3,7482,12,3,70,4,15
5/13/2023,Cliente_61,Salud,Software_3,6331,6,4,41,4,48
6/12/2023,Cliente_171,Banca,Software_5,3427,5,0,67,3,72
8/3/2023,Cliente_124,Tecnologia,Software_1,5730,1,3,1,3,13
8/9/2023,Cliente_198,Educacion,Software_5,2359,12,2,51,3,43
8/23/2023,Cliente_39,Tecnologia,Software_6,1357,11,3,5,2,60
11/27/2023,Cliente_184,Retail,Software_7,564,4,1,13,1,57
5/26/2023,Cliente_63,Educacion,Software_9,3394,18,4,19,5,71
8/27/2023,Cliente_46,Salud,Software_3,6874,4,4,12,2,17
3/17/2023,Cliente_88,Educacion,Software_2,7531,17,4,48,2,50
1/9/2023,Cliente_11,Salud,Software_3,1330,2,4,25,1,32
3/15/2023,Cliente_62,Salud,Software_9,9176,2,4,57,5,22
9/10/2023,Cliente_77,Educacion,Software_7,3905,12,4,35,4,55
8/18/2023,Cliente_153,Salud,Software_9,6519,6,0,5,4,57
1/7/2023,Cliente_199,Salud,Software_2,5850,10,2,22,5,13
6/23/2023,Cliente_52,Retail,Software_5,3956,16,4,57,3,47
5/21/2023,Cliente_4,Tecnologia,Software_4,3235,14,2,47,4,87
6/17/2023,Cliente_59,Tecnologia,Software_2,7053,7,4,54,1,62
6/19/2023,Cliente_72,Retail,Software_9,9216,19,3,3,2,54
10/10/2023,Cliente_148,Educacion,Software_9,6134,17,4,53,4,29
5/2/2023,Cliente_93,Banca,Software_6,4689,9,1,31,4,22
7/13/2023,Cliente_63,Banca,Software_6,1646,13,0,69,3,65
1/5/2023,Cliente_54,Banca,Software_8,6165,5,3,33,3,29
1/29/2023,Cliente_117,Retail,Software_6,1194,5,3,50,3,48
6/14/2023,Cliente_110,Retail,Software_1,2511,10,1,16,1,5
12/5/2023,Cliente_74,Salud,Software_4,2717,10,4,39,2,35
5/16/2023,Cliente_107,Banca,Software_7,9054,7,0,46,2,74
12/31/2023,Cliente_57,Educacion,Software_2,4245,15,3,47,3,83
11/17/2023,Cliente_169,Educacion,Software_9,2875,7,0,44,4,71
12/8/2023,Cliente_3,Banca,Software_8,6728,15,3,9,3,46
5/25/2023,Cliente_120,Banca,Software_8,3255,3,4,50,2,35
11/23/2023,Cliente_6,Banca,Software_7,4070,19,3,60,3,45
8/5/2023,Cliente_5,Retail,Software_4,8072,10,3,15,5,13
10/28/2023,Cliente_5,Retail,Software_2,8875,15,2,36,2,10
5/12/2023,Cliente_54,Retail,Software_3,5515,3,4,63,1,66
10/19/2023,Cliente_47,Tecnologia,Software_6,4431,6,1,69,3,70
3/11/2023,Cliente_177,Educacion,Software_5,2042,12,1,41,4,72
9/9/2023,Cliente_9,Educacion,Software_8,6126,15,4,24,4,25
10/2/2023,Cliente_99,Salud,Software_6,8401,6,1,49,4,44
12/30/2023,Cliente_20,Retail,Software_6,291,13,4,18,5,60
7/1/2023,Cliente_122,Tecnologia,Software_1,9195,19,1,7,4,47
6/16/2023,Cliente_61,Tecnologia,Software_4,961,3,2,4,4,40
4/1/2023,Cliente_123,Educacion,Software_5,6811,8,1,69,3,7
7/21/2023,Cliente_163,Retail,Software_3,9375,8,3,60,1,46
12/12/2023,Cliente_178,Salud,Software_9,749,15,4,55,5,23
1/19/2023,Cliente_82,Retail,Software_1,4234,4,0,16,3,83
2/8/2023,Cliente_62,Banca,Software_6,7687,19,0,29,2,46
5/6/2023,Cliente_145,Retail,Software_6,8928,3,4,23,4,86
6/22/2023,Cliente_3,Banca,Software_5,1136,13,2,14,3,13
5/21/2023,Cliente_160,Banca,Software_5,4231,8,1,49,4,21
8/30/2023,Cliente_13,Salud,Software_5,2248,16,2,33,4,1
8/8/2023,Cliente_120,Educacion,Software_6,5557,13,0,25,3,19
5/6/2023,Cliente_125,Retail,Software_8,6179,3,4,21,4,60
2/27/2023,Cliente_89,Banca,Software_2,2530,16,4,17,3,33
5/28/2023,Cliente_73,Retail,Software_6,1979,9,2,23,3,4
11/13/2023,Cliente_68,Educacion,Software_1,7642,14,2,57,3,3
12/27/2023,Cliente_142,Educacion,Software_4,2111,13,1,58,4,91
1/1/2023,Cliente_101,Tecnologia,Software_3,3473,7,3,14,4,52
12/14/2023,Cliente_98,Educacion,Software_9,7457,15,3,20,3,99
7/9/2023,Cliente_11,Salud,Software_3,1389,7,1,30,4,28
7/10/2023,Cliente_105,Banca,Software_6,1547,6,3,19,2,70
11/8/2023,Cliente_184,Tecnologia,Software_1,3299,2,0,53,5,70
4/27/2023,Cliente_67,Salud,Software_6,6481,9,3,56,3,55
5/14/2023,Cliente_123,Retail,Software_4,7622,17,1,23,4,57
2/27/2023,Cliente_29,Banca,Software_8,6159,5,3,62,1,87
2/13/2023,Cliente_137,Educacion,Software_9,3283,12,4,33,2,97
6/22/2023,Cliente_195,Banca,Software_4,5562,1,2,18,3,16
6/9/2023,Cliente_153,Retail,Software_6,3316,10,0,33,5,24
6/22/2023,Cliente_76,Tecnologia,Software_1,3236,11,4,32,3,69
11/13/2023,Cliente_170,Tecnologia,Software_4,3418,16,4,61,5,41
10/30/2023,Cliente_9,Tecnologia,Software_7,2882,14,1,54,3,77
5/29/2023,Cliente_40,Educacion,Software_1,9282,8,2,17,3,47
3/21/2023,Cliente_25,Salud,Software_8,7757,17,2,19,2,76
8/1/2023,Cliente_5,Salud,Software_6,5020,18,0,70,4,69
7/22/2023,Cliente_139,Banca,Software_5,6424,12,1,34,2,31
9/9/2023,Cliente_187,Educacion,Software_9,6427,17,0,25,5,92
8/17/2023,Cliente_124,Tecnologia,Software_2,8517,14,3,68,5,92
6/13/2023,Cliente_38,Tecnologia,Software_5,876,16,4,11,5,30
8/15/2023,Cliente_72,Retail,Software_6,5308,14,0,16,3,18
5/27/2023,Cliente_133,Retail,Software_7,787,9,4,61,4,44
1/20/2023,Cliente_176,Tecnologia,Software_5,629,4,1,7,4,27
2/16/2023,Cliente_90,Tecnologia,Software_9,5167,11,3,16,2,99
8/21/2023,Cliente_146,Educacion,Software_1,8180,6,1,16,4,26
11/1/2023,Cliente_198,Salud,Software_7,5618,15,3,40,1,60
1/14/2023,Cliente_37,Retail,Software_7,2253,5,3,12,3,18
5/23/2023,Cliente_60,Salud,Software_4,9586,11,4,35,2,97
1/1/2023,Cliente_176,Educacion,Software_9,6194,18,1,21,2,89
2/23/2023,Cliente_28,Tecnologia,Software_5,7074,13,1,50,3,56
9/16/2023,Cliente_197,Salud,Software_4,9818,11,0,43,3,31
5/24/2023,Cliente_81,Tecnologia,Software_7,4874,14,1,17,4,59
1/12/2023,Cliente_114,Tecnologia,Software_4,7792,18,0,32,1,2
11/26/2023,Cliente_40,Banca,Software_3,3203,19,2,41,3,97
8/12/2023,Cliente_45,Salud,Software_9,2540,15,2,6,2,39
9/29/2023,Cliente_62,Salud,Software_8,4235,9,2,27,4,61
12/24/2023,Cliente_93,Tecnologia,Software_1,7224,8,1,20,4,63
6/5/2023,Cliente_115,Educacion,Software_7,5301,1,1,25,4,96
1/8/2023,Cliente_186,Banca,Software_9,944,4,0,66,4,18
5/2/2023,Cliente_67,Tecnologia,Software_8,546,14,3,9,3,17
12/14/2023,Cliente_56,Retail,Software_8,4015,2,0,53,4,98
6/13/2023,Cliente_40,Retail,Software_6,3209,16,2,61,3,39
3/31/2023,Cliente_98,Banca,Software_4,1334,3,0,38,3,71
5/16/2023,Cliente_40,Educacion,Software_8,6687,8,3,3,4,54
7/5/2023,Cliente_91,Tecnologia,Software_3,326,6,1,70,1,99
11/12/2023,Cliente_33,Salud,Software_9,4243,16,0,55,4,94
6/27/2023,Cliente_6,Banca,Software_2,7285,16,2,1,4,76
1/28/2023,Cliente_147,Educacion,Software_2,5658,7,2,70,3,35
8/8/2023,Cliente_80,Salud,Software_7,286,13,1,45,1,11
12/23/2023,Cliente_168,Retail,Software_4,2635,13,0,47,1,61
2/10/2023,Cliente_92,Retail,Software_8,2032,5,3,26,5,44
8/16/2023,Cliente_97,Salud,Software_9,9140,18,1,14,4,68
7/11/2023,Cliente_59,Banca,Software_7,2132,15,0,54,2,25
5/25/2023,Cliente_59,Retail,Software_5,1352,18,4,71,3,48
7/20/2023,Cliente_48,Tecnologia,Software_8,5609,2,2,46,4,32
7/31/2023,Cliente_169,Salud,Software_4,5174,10,3,31,4,84
8/8/2023,Cliente_13,Salud,Software_2,1981,13,3,59,1,95
8/28/2023,Cliente_107,Retail,Software_6,369,18,3,29,2,4
2/15/2023,Cliente_45,Banca,Software_9,1730,15,2,17,5,38
2/4/2023,Cliente_89,Tecnologia,Software_1,4505,12,0,14,1,63
9/10/2023,Cliente_181,Banca,Software_7,6239,15,1,36,2,47
3/23/2023,Cliente_170,Educacion,Software_9,1674,13,0,58,5,1
9/13/2023,Cliente_100,Educacion,Software_9,1795,18,1,24,4,3
7/16/2023,Cliente_191,Retail,Software_3,3358,15,3,63,3,86
10/30/2023,Cliente_155,Retail,Software_5,3362,11,0,25,1,62
1/10/2023,Cliente_166,Retail,Software_8,1545,19,3,59,1,64
11/8/2023,Cliente_188,Educacion,Software_8,6363,3,4,32,2,17
10/13/2023,Cliente_7,Banca,Software_4,8511,7,3,18,5,78
8/30/2023,Cliente_133,Banca,Software_1,152,14,3,37,3,62
9/8/2023,Cliente_45,Retail,Software_1,5670,14,1,26,4,35
12/31/2023,Cliente_58,Tecnologia,Software_4,7679,13,4,9,5,13
1/5/2023,Cliente_31,Banca,Software_6,1766,12,3,64,3,35
4/29/2023,Cliente_23,Educacion,Software_8,7001,9,3,20,2,43
10/16/2023,Cliente_170,Salud,Software_6,2885,1,4,54,3,2
3/6/2023,Cliente_138,Salud,Software_9,819,19,4,30,5,56
5/26/2023,Cliente_160,Salud,Software_9,8697,11,0,53,4,77
8/12/2023,Cliente_107,Tecnologia,Software_2,6955,19,1,63,1,51
8/27/2023,Cliente_181,Retail,Software_1,2394,18,4,11,4,54
6/26/2023,Cliente_158,Educacion,Software_2,8363,12,4,31,4,16
9/24/2023,Cliente_39,Tecnologia,Software_5,9521,1,2,49,5,18
12/7/2023,Cliente_159,Educacion,Software_4,9859,19,4,19,2,7
10/9/2023,Cliente_82,Educacion,Software_4,4582,17,1,12,3,45
3/4/2023,Cliente_100,Retail,Software_9,798,5,3,15,5,36
8/5/2023,Cliente_2,Salud,Software_8,7343,3,3,31,3,41
12/8/2023,Cliente_77,Retail,Software_6,9118,2,3,43,3,94
11/11/2023,Cliente_12,Tecnologia,Software_1,6018,3,3,37,1,42
10/10/2023,Cliente_39,Tecnologia,Software_2,448,8,2,29,3,7
6/26/2023,Cliente_194,Tecnologia,Software_6,5474,16,4,26,3,15
4/8/2023,Cliente_13,Retail,Software_2,7969,6,3,2,5,60
4/15/2023,Cliente_46,Educacion,Software_5,407,13,0,15,3,40
4/9/2023,Cliente_155,Educacion,Software_5,3516,16,3,4,3,83
11/7/2023,Cliente_113,Banca,Software_6,4920,16,4,50,4,37
1/6/2023,Cliente_17,Tecnologia,Software_6,3658,3,3,38,2,66
7/16/2023,Cliente_104,Educacion,Software_6,4578,13,2,23,3,55
12/17/2023,Cliente_98,Banca,Software_2,6631,14,1,59,4,77
5/13/2023,Cliente_188,Educacion,Software_3,4720,8,1,28,5,95
12/24/2023,Cliente_192,Tecnologia,Software_6,3085,12,4,66,4,80
9/16/2023,Cliente_88,Salud,Software_8,8212,8,1,8,4,56
1/23/2023,Cliente_109,Tecnologia,Software_1,8567,9,1,29,2,44
2/22/2023,Cliente_163,Retail,Software_1,2647,1,0,11,5,57
6/14/2023,Cliente_70,Educacion,Software_2,436,6,4,18,2,6
7/21/2023,Cliente_158,Educacion,Software_6,3079,19,4,55,4,92
3/24/2023,Cliente_199,Retail,Software_9,4068,11,1,50,3,32
5/25/2023,Cliente_74,Retail,Software_4,1010,11,1,14,5,74
3/26/2023,Cliente_63,Salud,Software_3,2096,13,1,9,4,18
3/19/2023,Cliente_156,Educacion,Software_8,3229,11,2,11,4,68
1/1/2023,Cliente_60,Educacion,Software_9,5547,18,3,63,2,73
2/20/2023,Cliente_79,Salud,Software_5,6229,15,2,67,3,7
6/22/2023,Cliente_37,Banca,Software_9,5950,1,4,53,4,8
7/24/2023,Cliente_22,Salud,Software_2,4304,7,0,39,4,64
9/17/2023,Cliente_196,Tecnologia,Software_3,7546,13,3,56,2,7
10/15/2023,Cliente_148,Educacion,Software_7,8619,12,0,28,5,41
2/3/2023,Cliente_96,Retail,Software_7,414,18,4,39,5,40
12/14/2023,Cliente_68,Tecnologia,Software_6,1234,19,4,25,3,3
4/5/2023,Cliente_192,Educacion,Software_6,4976,15,0,21,4,17
3/13/2023,Cliente_17,Salud,Software_2,8202,8,0,10,3,66
2/8/2023,Cliente_12,Tecnologia,Software_6,9812,19,0,43,3,79
6/3/2023,Cliente_150,Educacion,Software_4,8447,10,4,15,3,93
9/7/2023,Cliente_145,Banca,Software_3,5692,7,1,48,4,52
6/11/2023,Cliente_138,Banca,Software_2,1824,18,0,21,4,22
4/28/2023,Cliente_118,Retail,Software_1,3443,16,3,60,3,4
9/16/2023,Cliente_193,Educacion,Software_5,986,6,4,50,4,6
11/2/2023,Cliente_22,Banca,Software_2,821,9,2,23,4,38
9/25/2023,Cliente_120,Salud,Software_2,7778,13,2,13,4,26
2/23/2023,Cliente_50,Educacion,Software_7,9204,8,3,69,1,11
8/24/2023,Cliente_14,Salud,Software_8,3457,16,1,4,5,90
8/10/2023,Cliente_192,Salud,Software_8,970,13,0,9,3,17
9/8/2023,Cliente_175,Banca,Software_4,6851,13,4,35,3,88
11/9/2023,Cliente_29,Educacion,Software_1,597,17,0,21,2,92
4/22/2023,Cliente_164,Tecnologia,Software_7,1856,5,4,58,3,99
9/12/2023,Cliente_180,Banca,Software_1,1217,17,2,18,5,31
10/30/2023,Cliente_125,Banca,Software_4,2928,9,0,43,3,77
7/26/2023,Cliente_7,Educacion,Software_8,1747,2,3,6,4,35
8/17/2023,Cliente_29,Educacion,Software_2,7092,18,1,67,1,16
12/7/2023,Cliente_139,Salud,Software_6,6871,9,3,12,3,79
3/7/2023,Cliente_33,Educacion,Software_6,242,6,1,12,5,18
3/16/2023,Cliente_134,Salud,Software_9,2861,11,0,66,4,62
4/13/2023,Cliente_111,Banca,Software_5,3535,6,0,2,2,27
7/11/2023,Cliente_79,Retail,Software_4,6722,6,1,15,3,35
9/9/2023,Cliente_160,Tecnologia,Software_5,7169,13,2,23,2,45
8/14/2023,Cliente_179,Banca,Software_5,4612,11,4,29,3,35
10/21/2023,Cliente_58,Educacion,Software_8,1948,14,3,7,4,28
11/2/2023,Cliente_26,Tecnologia,Software_8,2796,2,3,28,4,9
4/8/2023,Cliente_174,Retail,Software_2,1817,8,3,14,2,76
12/4/2023,Cliente_29,Retail,Software_7,3172,3,0,44,5,15
10/13/2023,Cliente_4,Salud,Software_8,9359,3,3,30,4,21
12/1/2023,Cliente_99,Tecnologia,Software_6,2886,1,4,32,3,52
12/13/2023,Cliente_141,Salud,Software_5,3891,19,4,70,3,35
11/4/2023,Cliente_39,Banca,Software_9,9580,18,1,6,4,97
9/6/2023,Cliente_15,Tecnologia,Software_3,3971,17,0,27,4,51
6/15/2023,Cliente_119,Banca,Software_4,1906,13,4,24,3,83
12/1/2023,Cliente_29,Salud,Software_9,1604,3,2,34,3,55
1/30/2023,Cliente_157,Tecnologia,Software_6,3408,1,0,40,2,87
9/4/2023,Cliente_75,Salud,Software_8,7217,4,0,47,4,77
4/16/2023,Cliente_116,Tecnologia,Software_7,5148,13,4,24,3,44
2/20/2023,Cliente_32,Salud,Software_2,8363,17,2,65,2,65
3/22/2023,Cliente_130,Retail,Software_3,1790,11,1,18,4,93
5/13/2023,Cliente_175,Salud,Software_1,9636,2,4,44,5,88
10/12/2023,Cliente_84,Retail,Software_9,3403,16,2,57,5,80
5/18/2023,Cliente_22,Salud,Software_7,3213,2,0,28,3,25
7/3/2023,Cliente_27,Tecnologia,Software_1,9174,19,2,71,2,87
11/26/2023,Cliente_195,Tecnologia,Software_3,7950,19,0,23,3,92
9/30/2023,Cliente_81,Tecnologia,Software_4,6516,16,4,34,2,47
12/6/2023,Cliente_126,Educacion,Software_4,1604,19,4,11,5,80
3/10/2023,Cliente_184,Banca,Software_5,9024,9,3,35,2,56
2/3/2023,Cliente_92,Tecnologia,Software_3,4024,1,3,42,3,38
9/19/2023,Cliente_21,Retail,Software_3,8715,10,3,28,3,11
2/22/2023,Cliente_47,Tecnologia,Software_1,9883,19,4,24,3,67
7/24/2023,Cliente_101,Educacion,Software_7,4585,1,1,8,4,15
5/6/2023,Cliente_187,Retail,Software_1,8200,2,4,53,3,1
8/23/2023,Cliente_84,Educacion,Software_2,8784,16,2,4,2,7
2/12/2023,Cliente_6,Retail,Software_4,291,12,4,5,3,1
8/28/2023,Cliente_147,Salud,Software_4,8790,8,4,49,3,49
4/21/2023,Cliente_185,Banca,Software_5,5017,18,0,30,2,96
9/6/2023,Cliente_197,Banca,Software_2,5931,2,0,63,4,73
5/31/2023,Cliente_131,Educacion,Software_4,9548,13,0,47,4,29
7/2/2023,Cliente_1,Banca,Software_1,4422,6,4,26,4,26
12/2/2023,Cliente_58,Educacion,Software_2,7099,6,1,57,5,87
4/5/2023,Cliente_124,Educacion,Software_1,9108,9,2,37,5,45
1/8/2023,Cliente_166,Educacion,Software_4,7382,16,2,7,5,93
12/26/2023,Cliente_15,Banca,Software_4,9765,11,1,40,2,97
7/3/2023,Cliente_162,Educacion,Software_7,9378,7,1,39,2,71
10/8/2023,Cliente_189,Banca,Software_9,1974,10,2,62,3,12
7/14/2023,Cliente_163,Educacion,Software_9,9162,10,3,53,5,95
12/18/2023,Cliente_64,Tecnologia,Software_5,4863,18,0,4,5,32
7/14/2023,Cliente_25,Educacion,Software_1,8564,9,0,25,5,20
6/4/2023,Cliente_24,Retail,Software_1,9321,15,2,7,2,51
4/3/2023,Cliente_12,Educacion,Software_6,1151,4,1,28,5,81
6/9/2023,Cliente_18,Salud,Software_2,9865,8,3,69,3,36
3/2/2023,Cliente_15,Educacion,Software_8,7638,9,2,67,1,67
5/2/2023,Cliente_27,Retail,Software_9,7511,13,0,20,3,1
2/20/2023,Cliente_72,Retail,Software_4,6420,9,4,11,1,27
10/4/2023,Cliente_60,Banca,Software_5,2205,4,1,67,3,40
1/5/2023,Cliente_174,Tecnologia,Software_8,407,17,4,7,3,97
4/2/2023,Cliente_145,Educacion,Software_3,7837,16,2,23,3,84
6/19/2023,Cliente_93,Banca,Software_5,3459,15,0,61,4,14
11/13/2023,Cliente_53,Tecnologia,Software_3,3276,3,3,71,5,69
1/22/2023,Cliente_8,Educacion,Software_3,1351,5,4,34,4,87
11/22/2023,Cliente_79,Salud,Software_3,5466,5,3,19,3,79
1/1/2023,Cliente_27,Educacion,Software_7,1617,15,0,58,4,6
5/13/2023,Cliente_174,Retail,Software_7,6326,18,4,9,5,33
8/21/2023,Cliente_50,Retail,Software_7,5405,15,3,48,2,55
1/12/2023,Cliente_199,Salud,Software_8,9670,2,3,41,3,19
12/12/2023,Cliente_131,Banca,Software_5,5969,13,4,48,3,77
2/15/2023,Cliente_93,Tecnologia,Software_5,8139,4,0,45,1,29
2/3/2023,Cliente_192,Educacion,Software_4,4991,10,3,25,4,61
3/19/2023,Cliente_172,Retail,Software_7,5092,13,2,25,5,70
8/6/2023,Cliente_181,Banca,Software_4,2061,10,4,19,2,79
10/28/2023,Cliente_24,Salud,Software_2,2963,9,1,39,4,80
3/14/2023,Cliente_60,Retail,Software_4,6703,8,1,27,5,24
10/9/2023,Cliente_122,Salud,Software_8,4667,3,0,63,5,23
9/6/2023,Cliente_131,Educacion,Software_9,6613,16,2,68,3,10
2/16/2023,Cliente_148,Tecnologia,Software_3,4105,14,3,19,5,54
5/1/2023,Cliente_46,Retail,Software_7,9214,9,1,28,3,41
8/2/2023,Cliente_15,Retail,Software_9,283,11,0,33,4,49
8/27/2023,Cliente_153,Educacion,Software_4,7855,3,2,10,1,17
2/25/2023,Cliente_199,Banca,Software_3,3458,5,2,30,1,56
12/16/2023,Cliente_17,Tecnologia,Software_5,6715,10,0,22,4,45
4/17/2023,Cliente_126,Retail,Software_1,9690,13,0,3,3,30
11/15/2023,Cliente_84,Tecnologia,Software_3,6897,4,3,48,3,44
2/17/2023,Cliente_9,Retail,Software_8,8828,13,0,2,2,74
3/2/2023,Cliente_166,Tecnologia,Software_8,7778,12,3,54,4,55
12/3/2023,Cliente_176,Salud,Software_4,5798,5,3,6,1,19
1/26/2023,Cliente_188,Retail,Software_2,1373,10,4,40,4,29
10/19/2023,Cliente_63,Tecnologia,Software_8,6753,9,2,2,1,2
9/14/2023,Cliente_117,Banca,Software_8,1196,7,2,2,2,36
1/8/2023,Cliente_130,Salud,Software_4,9597,2,2,55,3,19
4/23/2023,Cliente_88,Salud,Software_3,9207,7,4,60,3,7
12/21/2023,Cliente_72,Banca,Software_2,8102,8,3,6,3,26
9/10/2023,Cliente_139,Tecnologia,Software_9,4347,7,3,19,3,79
6/29/2023,Cliente_64,Educacion,Software_1,9320,14,0,27,5,38
7/26/2023,Cliente_72,Banca,Software_7,5414,19,4,1,4,3
10/30/2023,Cliente_21,Tecnologia,Software_5,3454,5,0,33,1,80
5/7/2023,Cliente_18,Banca,Software_8,370,18,4,40,3,66
2/25/2023,Cliente_64,Banca,Software_4,1286,12,0,32,5,95
8/2/2023,Cliente_82,Retail,Software_7,6405,17,1,69,3,92
1/14/2023,Cliente_110,Tecnologia,Software_5,2498,13,2,17,1,71
1/28/2023,Cliente_95,Educacion,Software_5,7095,2,2,8,4,94
3/19/2023,Cliente_166,Retail,Software_9,7399,13,3,57,4,43
8/4/2023,Cliente_32,Banca,Software_9,4282,7,1,42,4,62
12/31/2023,Cliente_11,Banca,Software_9,2330,10,2,9,1,71
6/3/2023,Cliente_45,Banca,Software_6,6611,6,3,35,2,93
1/14/2023,Cliente_33,Tecnologia,Software_6,228,3,1,71,4,24
7/6/2023,Cliente_102,Tecnologia,Software_5,9561,3,2,53,2,39
11/8/2023,Cliente_169,Retail,Software_9,3772,18,0,54,3,68
1/7/2023,Cliente_136,Educacion,Software_8,9893,11,4,25,3,93
1/3/2023,Cliente_11,Retail,Software_7,4865,5,1,67,3,44
4/21/2023,Cliente_179,Salud,Software_7,4070,19,3,62,5,5
8/26/2023,Cliente_88,Banca,Software_6,7645,19,1,55,4,55
12/29/2023,Cliente_41,Banca,Software_5,5652,15,3,46,4,93
8/27/2023,Cliente_145,Banca,Software_4,727,16,1,24,1,30
10/1/2023,Cliente_76,Retail,Software_3,6689,9,3,46,2,29
10/21/2023,Cliente_121,Retail,Software_3,2144,4,2,22,3,26
8/15/2023,Cliente_46,Banca,Software_6,2441,15,0,11,2,83
1/15/2023,Cliente_160,Retail,Software_4,5984,12,2,48,5,26
7/11/2023,Cliente_80,Tecnologia,Software_6,8285,3,0,8,2,37
4/29/2023,Cliente_54,Tecnologia,Software_3,349,14,2,39,3,91
1/28/2023,Cliente_86,Retail,Software_4,3025,17,2,35,3,94
7/21/2023,Cliente_92,Banca,Software_9,5143,19,1,49,4,53
2/8/2023,Cliente_148,Retail,Software_5,1074,6,4,46,2,30
9/30/2023,Cliente_161,Retail,Software_7,9617,4,3,38,3,3
8/19/2023,Cliente_168,Retail,Software_2,7292,7,3,8,3,43
3/27/2023,Cliente_160,Salud,Software_5,9275,19,3,54,5,7
5/6/2023,Cliente_97,Tecnologia,Software_9,9180,17,0,37,1,49
10/27/2023,Cliente_2,Educacion,Software_3,2772,16,3,40,5,73
1/25/2023,Cliente_33,Educacion,Software_9,7379,15,3,34,4,41
5/25/2023,Cliente_158,Salud,Software_6,7631,8,1,17,3,77
1/13/2023,Cliente_161,Retail,Software_4,9618,19,2,33,4,79
7/31/2023,Cliente_77,Salud,Software_7,8762,8,3,47,1,54
1/25/2023,Cliente_116,Salud,Software_8,2087,18,4,52,5,69
3/9/2023,Cliente_154,Banca,Software_6,190,16,3,9,3,93
3/8/2023,Cliente_150,Tecnologia,Software_5,8821,19,0,33,3,99
8/21/2023,Cliente_103,Educacion,Software_6,4159,10,0,60,3,91
4/19/2023,Cliente_194,Retail,Software_5,2873,17,0,21,1,27
5/26/2023,Cliente_166,Educacion,Software_8,9978,13,3,58,5,8
4/21/2023,Cliente_103,Educacion,Software_1,8483,13,1,69,1,32
8/16/2023,Cliente_90,Tecnologia,Software_7,7509,7,4,10,4,84
4/21/2023,Cliente_174,Educacion,Software_2,4540,10,3,6,3,64
2/3/2023,Cliente_122,Educacion,Software_9,7447,2,1,13,5,10
4/21/2023,Cliente_143,Salud,Software_1,1108,4,1,65,2,13
9/21/2023,Cliente_106,Tecnologia,Software_6,3883,6,3,20,3,63
8/24/2023,Cliente_119,Banca,Software_9,6746,18,3,57,3,93
3/24/2023,Cliente_172,Retail,Software_1,4398,6,1,46,4,35
2/11/2023,Cliente_49,Educacion,Software_4,4768,17,1,8,1,61
4/11/2023,Cliente_104,Retail,Software_4,4387,14,1,10,2,54
1/6/2023,Cliente_61,Banca,Software_9,2152,11,3,67,2,8
6/29/2023,Cliente_195,Retail,Software_5,6109,19,1,11,4,29
10/9/2023,Cliente_123,Banca,Software_5,1816,2,0,12,2,95
11/16/2023,Cliente_134,Salud,Software_6,410,3,3,10,4,41
8/14/2023,Cliente_9,Educacion,Software_1,4638,11,0,25,2,30
11/11/2023,Cliente_6,Banca,Software_1,1360,6,2,49,5,86
12/31/2023,Cliente_73,Retail,Software_9,4032,14,3,49,5,21
8/17/2023,Cliente_103,Educacion,Software_3,684,19,2,11,3,76
10/16/2023,Cliente_160,Salud,Software_4,7716,16,1,62,3,11
5/30/2023,Cliente_41,Educacion,Software_1,8651,7,1,36,2,2
10/4/2023,Cliente_114,Banca,Software_9,2966,8,4,39,1,50
7/17/2023,Cliente_8,Salud,Software_8,5998,19,1,53,3,41
3/11/2023,Cliente_72,Retail,Software_2,2111,16,2,56,4,66
4/22/2023,Cliente_178,Salud,Software_8,6351,7,1,1,3,98
1/4/2023,Cliente_92,Salud,Software_7,5039,9,3,56,5,3
12/16/2023,Cliente_62,Tecnologia,Software_6,4106,13,1,4,3,80
11/27/2023,Cliente_84,Salud,Software_1,1725,1,4,30,4,51
11/14/2023,Cliente_62,Salud,Software_7,990,8,1,12,3,68
12/16/2023,Cliente_111,Educacion,Software_7,6178,4,2,35,3,87
4/5/2023,Cliente_127,Retail,Software_9,7136,3,2,52,3,84
6/1/2023,Cliente_7,Educacion,Software_1,9023,3,1,31,3,25
11/7/2023,Cliente_84,Educacion,Software_2,4061,13,2,68,3,30
5/17/2023,Cliente_132,Banca,Software_9,2604,8,2,52,4,82
9/4/2023,Cliente_134,Educacion,Software_9,8906,7,4,7,5,11
8/31/2023,Cliente_58,Tecnologia,Software_6,3906,1,3,22,3,93
1/31/2023,Cliente_22,Tecnologia,Software_6,6200,16,4,56,1,17
2/9/2023,Cliente_154,Banca,Software_4,1819,6,0,58,3,26
8/17/2023,Cliente_127,Retail,Software_4,6786,7,4,64,3,23
2/5/2023,Cliente_3,Retail,Software_5,1687,12,1,12,2,56
8/11/2023,Cliente_127,Educacion,Software_3,7100,9,3,7,4,52
1/6/2023,Cliente_41,Educacion,Software_1,9903,11,1,55,5,48
11/18/2023,Cliente_188,Educacion,Software_1,996,10,0,62,5,20
8/8/2023,Cliente_106,Retail,Software_7,5658,1,3,55,2,2
3/16/2023,Cliente_14,Salud,Software_1,8569,18,2,36,5,88
1/4/2023,Cliente_12,Tecnologia,Software_1,4747,4,4,24,4,31
12/1/2023,Cliente_87,Salud,Software_3,9928,5,1,44,3,27
5/14/2023,Cliente_12,Salud,Software_4,2532,9,0,17,3,2
4/28/2023,Cliente_141,Retail,Software_4,4004,17,2,2,4,78
4/4/2023,Cliente_25,Salud,Software_2,6937,3,4,13,3,4
3/3/2023,Cliente_45,Banca,Software_1,1549,16,2,31,3,13
7/13/2023,Cliente_122,Educacion,Software_3,4600,5,4,28,3,35
12/1/2023,Cliente_147,Banca,Software_4,5554,16,3,60,4,72
7/22/2023,Cliente_55,Tecnologia,Software_3,9524,3,2,27,2,66
1/26/2023,Cliente_100,Educacion,Software_8,4217,15,2,15,5,6
6/22/2023,Cliente_173,Salud,Software_1,8969,3,2,33,4,31
10/27/2023,Cliente_136,Tecnologia,Software_2,2128,14,3,20,4,10
5/13/2023,Cliente_119,Educacion,Software_7,6945,16,0,42,1,21
11/22/2023,Cliente_53,Salud,Software_4,3858,17,4,12,4,74
4/28/2023,Cliente_183,Banca,Software_8,6004,18,2,23,2,23
11/20/2023,Cliente_32,Educacion,Software_3,4724,18,3,14,1,3
10/2/2023,Cliente_51,Salud,Software_6,8948,14,0,25,3,32
7/31/2023,Cliente_44,Banca,Software_9,265,18,4,31,3,20
8/13/2023,Cliente_82,Tecnologia,Software_1,4691,15,3,54,4,74
1/20/2023,Cliente_198,Tecnologia,Software_1,689,15,4,5,1,29
4/23/2023,Cliente_146,Tecnologia,Software_8,4624,6,2,13,3,52
5/20/2023,Cliente_150,Tecnologia,Software_3,2921,15,0,28,2,46
2/16/2023,Cliente_37,Retail,Software_5,6609,18,3,43,5,34
1/1/2023,Cliente_96,Educacion,Software_1,7793,4,0,47,4,84
3/31/2023,Cliente_56,Educacion,Software_5,9554,8,2,71,4,61
5/22/2023,Cliente_105,Retail,Software_6,171,15,0,38,3,72
11/16/2023,Cliente_59,Salud,Software_8,3680,3,0,67,1,71
2/7/2023,Cliente_131,Salud,Software_3,8062,15,1,62,5,70
10/20/2023,Cliente_156,Tecnologia,Software_3,368,13,0,39,3,11
5/19/2023,Cliente_35,Banca,Software_9,2562,9,4,37,3,82
12/22/2023,Cliente_189,Salud,Software_4,9560,2,3,8,4,93
11/29/2023,Cliente_93,Banca,Software_4,1115,8,1,52,1,89
